0,Mon Nov 06 13:08:37 EST 2017,true,mp\tokens\Say.java,expectedTypes,[main.Assignment9, @ScannerBean, @Number, @Word, @Quote, @Start, @End, @Plus//EC, @Minus//EC, ScanningIterator//EC, @RotatingLine//EC, @Move, @Pass, @Fail, @Say, @RotateLeftArm//EC, @RotateRightArm//EC, @Repeat//EC, @Define//EC, @Call//EC, @Thread//EC, @Wait//EC, @ProceedAll//EC, @Sleep//EC, @Undo//EC, @Redo//EC, @Angle, @Avatar, @BridgeScene, @Locatable, @BoundedShape, @Table, @CommandInterpreter, @SignedMoveCommandInterpreter//EC, @ErrorResilientCommandInterpreter//EC, @ConsoleSceneView, @InheritingBridgeScenePainter, @ObservableBridgeScenePainter, @DelegatingBridgeSceneView, @PaintListener, @BridgeSceneController, @CommandInterpreterView//EC, @CommandInterpreterController//EC, @ObservableCommandInterpreter//EC, @Token, @SingletonsCreator, @ProgressBarCreator//EC]
0,Mon Nov 06 13:08:37 EST 2017,true,mp\tokens\Say.java,typeDefined,Say,@Say,Class
0,Mon Nov 06 13:08:37 EST 2017,true,mp\display\ACommandInterpreter.java,typeDefined,ACommandInterpreter,@CommandInterpreter,Class
0,Mon Nov 06 13:08:37 EST 2017,true,mp\display\ACommandInterpreter.java,typeDefined,ACommandInterpreter,@SignedMoveCommandInterpreter//EC,Class
0,Mon Nov 06 13:08:37 EST 2017,true,mp\display\ACommandInterpreter.java,expectedGetters,ACommandInterpreter,Errors,*//EC
0,Mon Nov 06 13:08:37 EST 2017,true,mp\tokens\Plus.java,typeDefined,Plus,@Plus//EC,Class
0,Mon Nov 06 13:08:37 EST 2017,true,mp\tokens\Sleep.java,typeDefined,Sleep,@Sleep//EC,Class
0,Mon Nov 06 13:08:38 EST 2017,true,mp\tokens\End.java,typeDefined,End,@End,Class
0,Mon Nov 06 13:08:38 EST 2017,true,mp\tokens\Fail.java,typeDefined,Fail,@Fail,Class
0,Mon Nov 06 13:08:38 EST 2017,true,mp\display\ATable.java,typeDefined,ATable,@Table,Class
0,Mon Nov 06 13:08:38 EST 2017,true,mp\display\Bridge.java,typeDefined,Bridge,No Expected Tag,Interface
0,Mon Nov 06 13:08:38 EST 2017,true,mp\tokens\RotateRightArm.java,typeDefined,RotateRightArm,@RotateRightArm//EC,Class
0,Mon Nov 06 13:08:38 EST 2017,true,mp\display\ALine.java,typeDefined,ALine,@RotatingLine//EC,Class
0,Mon Nov 06 13:08:38 EST 2017,true,mp\display\CommandInterpreter.java,typeDefined,CommandInterpreter,@CommandInterpreter,Interface
0,Mon Nov 06 13:08:38 EST 2017,true,mp\display\CommandInterpreter.java,typeDefined,CommandInterpreter,@SignedMoveCommandInterpreter//EC,Interface
0,Mon Nov 06 13:08:38 EST 2017,true,mp\tokens\ATokenHistory.java,typeDefined,ATokenHistory,No Expected Tag,Class
0,Mon Nov 06 13:08:38 EST 2017,true,mp\tokens\TokenHistory.java,typeDefined,TokenHistory,No Expected Tag,Interface
0,Mon Nov 06 13:08:38 EST 2017,true,mp\display\BridgeScene.java,typeDefined,BridgeScene,@BridgeScene,Interface
0,Mon Nov 06 13:08:38 EST 2017,true,mp\tokens\Call.java,typeDefined,Call,@Call//EC,Class
0,Mon Nov 06 13:08:38 EST 2017,true,mp\display\ALocatable.java,typeDefined,ALocatable,@Locatable,Class
0,Mon Nov 06 13:08:38 EST 2017,true,mp\display\AnImage.java,typeDefined,AnImage,No Expected Tag,Class
0,Mon Nov 06 13:08:38 EST 2017,true,mp\display\SingletonsCreator.java,typeDefined,SingletonsCreator,@SingletonsCreator,Class
0,Mon Nov 06 13:08:38 EST 2017,true,mp\tokens\Define.java,typeDefined,Define,@Define//EC,Class
0,Mon Nov 06 13:08:38 EST 2017,true,mp\tokens\Thread.java,typeDefined,Thread,@Thread//EC,Class
0,Mon Nov 06 13:08:38 EST 2017,true,mp\display\Gorge.java,typeDefined,Gorge,No Expected Tag,Interface
0,Mon Nov 06 13:08:38 EST 2017,true,mp\display\ABridge.java,typeDefined,ABridge,No Expected Tag,Class
0,Mon Nov 06 13:08:38 EST 2017,true,mp\tokens\Number.java,typeDefined,Number,@Number,Class
0,Mon Nov 06 13:08:38 EST 2017,true,mp\display\AConsoleSceneView.java,typeDefined,AConsoleSceneView,@ConsoleSceneView,Class
0,Mon Nov 06 13:08:38 EST 2017,true,mp\display\Image.java,typeDefined,Image,No Expected Tag,Interface
0,Mon Nov 06 13:08:38 EST 2017,true,mp\tokens\ValueStringFace.java,typeDefined,ValueStringFace,@Word,Interface
0,Mon Nov 06 13:08:38 EST 2017,true,mp\tokens\ValueStringFace.java,typeDefined,ValueStringFace,@Move,Interface
0,Mon Nov 06 13:08:38 EST 2017,true,mp\tokens\ValueStringFace.java,typeDefined,ValueStringFace,@Pass,Interface
0,Mon Nov 06 13:08:38 EST 2017,true,mp\tokens\ValueStringFace.java,typeDefined,ValueStringFace,@Fail,Interface
0,Mon Nov 06 13:08:38 EST 2017,true,mp\tokens\ValueStringFace.java,typeDefined,ValueStringFace,@Say,Interface
0,Mon Nov 06 13:08:38 EST 2017,true,mp\tokens\ValueStringFace.java,typeDefined,ValueStringFace,@Repeat//EC,Interface
0,Mon Nov 06 13:08:38 EST 2017,true,mp\tokens\Pass.java,typeDefined,Pass,@Pass,Class
0,Mon Nov 06 13:08:38 EST 2017,true,mp\tokens\Undo.java,typeDefined,Undo,@Undo//EC,Class
0,Mon Nov 06 13:08:38 EST 2017,true,mp\tokens\Minus.java,typeDefined,Minus,@Minus//EC,Class
0,Mon Nov 06 13:08:38 EST 2017,true,mp\display\Line.java,typeDefined,Line,@RotatingLine//EC,Interface
0,Mon Nov 06 13:08:38 EST 2017,true,mp\tokens\ClearableTokenHistory.java,typeDefined,ClearableTokenHistory,No Expected Tag,Interface
0,Mon Nov 06 13:08:38 EST 2017,true,mp\tokens\Start.java,typeDefined,Start,@Start,Class
0,Mon Nov 06 13:08:38 EST 2017,true,mp\tokens\Move.java,typeDefined,Move,@Move,Class
0,Mon Nov 06 13:08:38 EST 2017,true,mp\display\ABoundedShape.java,typeDefined,ABoundedShape,@BoundedShape,Class
0,Mon Nov 06 13:08:38 EST 2017,true,mp\display\ConsoleSceneView.java,typeDefined,ConsoleSceneView,@ConsoleSceneView,Interface
0,Mon Nov 06 13:08:38 EST 2017,true,mp\display\Avatar.java,typeDefined,Avatar,@Avatar,Interface
0,Mon Nov 06 13:08:38 EST 2017,true,mp\tokens\Tokens.java,typeDefined,Tokens,@Number,Interface
0,Mon Nov 06 13:08:38 EST 2017,true,mp\tokens\Tokens.java,typeDefined,Tokens,@Word,Interface
0,Mon Nov 06 13:08:38 EST 2017,true,mp\tokens\Tokens.java,typeDefined,Tokens,@Quote,Interface
0,Mon Nov 06 13:08:38 EST 2017,true,mp\tokens\Tokens.java,typeDefined,Tokens,@Start,Interface
0,Mon Nov 06 13:08:38 EST 2017,true,mp\tokens\Tokens.java,typeDefined,Tokens,@End,Interface
0,Mon Nov 06 13:08:38 EST 2017,true,mp\tokens\Tokens.java,typeDefined,Tokens,@Plus//EC,Interface
0,Mon Nov 06 13:08:38 EST 2017,true,mp\tokens\Tokens.java,typeDefined,Tokens,@Minus//EC,Interface
0,Mon Nov 06 13:08:38 EST 2017,true,mp\tokens\Tokens.java,typeDefined,Tokens,@Move,Interface
0,Mon Nov 06 13:08:38 EST 2017,true,mp\tokens\Tokens.java,typeDefined,Tokens,@Pass,Interface
0,Mon Nov 06 13:08:38 EST 2017,true,mp\tokens\Tokens.java,typeDefined,Tokens,@Fail,Interface
0,Mon Nov 06 13:08:38 EST 2017,true,mp\tokens\Tokens.java,typeDefined,Tokens,@Say,Interface
0,Mon Nov 06 13:08:38 EST 2017,true,mp\tokens\Tokens.java,typeDefined,Tokens,@Repeat//EC,Interface
0,Mon Nov 06 13:08:38 EST 2017,true,mp\tokens\Tokens.java,typeDefined,Tokens,@Token,Interface
0,Mon Nov 06 13:08:38 EST 2017,true,mp\tokens\ScannerBean.java,typeDefined,ScannerBean,@ScannerBean,Interface
0,Mon Nov 06 13:08:38 EST 2017,true,mp\tokens\Redo.java,typeDefined,Redo,@Redo//EC,Class
0,Mon Nov 06 13:08:38 EST 2017,true,mp\tokens\Token.java,typeDefined,Token,@Token,Class
0,Mon Nov 06 13:08:38 EST 2017,true,mp\tokens\Word.java,typeDefined,Word,@Word,Class
0,Mon Nov 06 13:08:38 EST 2017,true,mp\tokens\AClearableTokenHistory.java,typeDefined,AClearableTokenHistory,No Expected Tag,Class
0,Mon Nov 06 13:08:38 EST 2017,true,mp\tokens\Quote.java,typeDefined,Quote,@Quote,Class
0,Mon Nov 06 13:08:38 EST 2017,true,mp\display\AStandingArea.java,typeDefined,AStandingArea,No Expected Tag,Class
0,Mon Nov 06 13:08:38 EST 2017,true,mp\display\AGorge.java,typeDefined,AGorge,No Expected Tag,Class
0,Mon Nov 06 13:08:38 EST 2017,true,mp\tokens\Wait.java,typeDefined,Wait,@Wait//EC,Class
0,Mon Nov 06 13:08:38 EST 2017,true,mp\display\AnAngle.java,typeDefined,AnAngle,@Angle,Class
0,Mon Nov 06 13:08:38 EST 2017,true,mp\tokens\Repeat.java,typeDefined,Repeat,@Repeat//EC,Class
0,Mon Nov 06 13:08:38 EST 2017,true,mp\display\ABridgeScene.java,typeDefined,ABridgeScene,@BridgeScene,Class
0,Mon Nov 06 13:08:38 EST 2017,true,mp\tokens\ValueIntFace.java,typeDefined,ValueIntFace,@Number,Interface
0,Mon Nov 06 13:08:38 EST 2017,true,mp\display\StandingArea.java,typeDefined,StandingArea,No Expected Tag,Interface
0,Mon Nov 06 13:08:38 EST 2017,true,mp\tokens\Approach.java,typeDefined,Approach,No Expected Tag,Class
0,Mon Nov 06 13:08:38 EST 2017,true,mp\display\StringShape.java,typeDefined,StringShape,No Expected Tag,Interface
0,Mon Nov 06 13:08:38 EST 2017,true,mp\tokens\AScannerBean.java,typeDefined,AScannerBean,@ScannerBean,Class
0,Mon Nov 06 13:08:38 EST 2017,true,mp\tokens\AScannerBean.java,expectedGetters,AScannerBean,Errors,*//EC
0,Mon Nov 06 13:08:38 EST 2017,true,mp\tokens\AScannerBean.java,missingMethodCall,AScannerBean
0,Mon Nov 06 13:08:38 EST 2017,true,mp\tokens\AScannerBean.java,expectedClassInstantiations,SingletonsCreator,mp.display.SingletonsCreator,@InheritingBridgeScenePainter//not-EC
0,Mon Nov 06 13:08:38 EST 2017,true,mp\tokens\AScannerBean.java,expectedClassInstantiations,SingletonsCreator,mp.display.SingletonsCreator,@ObservableBridgeScenePainter//EC
0,Mon Nov 06 13:08:38 EST 2017,true,mp\tokens\AScannerBean.java,expectedClassInstantiations,SingletonsCreator,mp.display.SingletonsCreator,@DelegatingBridgeSceneView//EC
0,Mon Nov 06 13:08:38 EST 2017,true,mp\tokens\AScannerBean.java,expectedClassInstantiations,SingletonsCreator,mp.display.SingletonsCreator,@BridgeSceneController
0,Mon Nov 06 13:08:38 EST 2017,true,mp\tokens\AScannerBean.java,expectedClassInstantiations,SingletonsCreator,mp.display.SingletonsCreator,@CommandInterpreterController//EC
0,Mon Nov 06 13:08:38 EST 2017,true,mp\tokens\AScannerBean.java,expectedClassInstantiations,SingletonsCreator,mp.display.SingletonsCreator,@CommandInterpreterView//EC
0,Mon Nov 06 13:08:38 EST 2017,true,mp\display\BoundedShape.java,typeDefined,BoundedShape,@BoundedShape,Interface
0,Mon Nov 06 13:08:38 EST 2017,true,mp\display\Angle.java,typeDefined,Angle,@Angle,Interface
0,Mon Nov 06 13:08:38 EST 2017,true,mp\display\Locatable.java,typeDefined,Locatable,@Locatable,Interface
0,Mon Nov 06 13:08:38 EST 2017,true,mp\tokens\RotateLeftArm.java,typeDefined,RotateLeftArm,@RotateLeftArm//EC,Class
0,Mon Nov 06 13:08:38 EST 2017,true,mp\display\AnAvatar.java,typeDefined,AnAvatar,@Avatar,Class
0,Mon Nov 06 13:08:38 EST 2017,true,mp\tokens\ProceedAll.java,typeDefined,ProceedAll,@ProceedAll//EC,Class
0,Mon Nov 06 13:08:38 EST 2017,true,mp\display\AStringShape.java,typeDefined,AStringShape,No Expected Tag,Class
0,Mon Nov 06 13:08:38 EST 2017,true,main\Assignment9.java,typeDefined,Assignment9,main.Assignment9,Class
0,Mon Nov 06 13:08:38 EST 2017,true,mp\display\Table.java,typeDefined,Table,@Table,Interface
0,Mon Nov 06 13:08:38 EST 2017,true,mp\display\Table.java,expectedDeclaredSignatures,SingletonsCreator,@bridgeSceneControllerFactoryMethod:->@BridgeSceneController,SingletonsCreator
0,Mon Nov 06 13:08:38 EST 2017,true,mp\display\Table.java,expectedDeclaredSignatures,SingletonsCreator,@inheritingBridgeScenePainterFactoryMethod:->@InheritingBridgeScenePainter,SingletonsCreator
0,Mon Nov 06 13:08:38 EST 2017,true,mp\display\Table.java,expectedDeclaredSignatures,SingletonsCreator,@observableBridgeScenePainterFactoryMethod:->@ObservableBridgeScenePainter//EC,SingletonsCreator
0,Mon Nov 06 13:08:38 EST 2017,true,mp\display\Table.java,expectedDeclaredSignatures,SingletonsCreator,@delegatingBridgeSceneViewFactoryMethod:->@DelegatingBridgeSceneView//EC,SingletonsCreator
0,Mon Nov 06 13:08:38 EST 2017,true,mp\display\Table.java,expectedDeclaredSignatures,SingletonsCreator,@commandInterpreterControllerFactoryMethod:->@CommandInterpreterController/EC,SingletonsCreator
0,Mon Nov 06 13:08:38 EST 2017,true,mp\display\Table.java,expectedDeclaredSignatures,SingletonsCreator,@commandInterpreterViewFactoryMethod:->@CommandInterpreterView,SingletonsCreator
0,Mon Nov 06 13:08:38 EST 2017,true,main\RunTests.java,typeDefined,RunTests,No Expected Tag,Class
1,Mon Nov 06 15:28:15 EST 2017,true,mp\display\InheritingBridgeScenePainter.java,typeDefined,InheritingBridgeScenePainter,@InheritingBridgeScenePainter,Class
1,Mon Nov 06 15:28:15 EST 2017,true,mp\display\InheritingBridgeScenePainter.java,missingMethodCall,InheritingBridgeScenePainter
1,Mon Nov 06 15:28:15 EST 2017,true,mp\display\InheritingBridgeScenePainter.java,missingMethodCall,InheritingBridgeScenePainter,super!paint:Graphics->void(.*)
1,Mon Nov 06 15:28:15 EST 2017,true,mp\display\InheritingBridgeScenePainter.java,missingMethodCall,InheritingBridgeScenePainter,@SingletonsCreator!@bridgeSceneFactoryMethod:->@BridgeScene
1,Mon Nov 06 15:28:15 EST 2017,true,mp\display\InheritingBridgeScenePainter.java,expectedDeclaredSignatures,InheritingBridgeScenePainter,paint:Graphics(.*)->void,InheritingBridgeScenePainter
1,Mon Nov 06 15:28:15 EST 2017,true,mp\display\InheritingBridgeScenePainter.java,expectedSuperTypes,InheritingBridgeScenePainter,Component,InheritingBridgeScenePainter
1,Mon Nov 06 15:28:15 EST 2017,true,mp\display\InheritingBridgeScenePainter.java,expectedInterfaces,InheritingBridgeScenePainter,PropertyChangeListener,InheritingBridgeScenePainter
2,Mon Nov 06 15:33:35 EST 2017,true,mp\display\AnInheritingBridgeScenePainter.java,typeDefined,AnInheritingBridgeScenePainter,@InheritingBridgeScenePainter,Class
2,Mon Nov 06 15:33:35 EST 2017,true,mp\display\AnInheritingBridgeScenePainter.java,missingMethodCall,AnInheritingBridgeScenePainter
2,Mon Nov 06 15:33:35 EST 2017,true,mp\display\AnInheritingBridgeScenePainter.java,missingMethodCall,AnInheritingBridgeScenePainter,super!paint:Graphics->void(.*)
2,Mon Nov 06 15:33:35 EST 2017,true,mp\display\AnInheritingBridgeScenePainter.java,missingMethodCall,AnInheritingBridgeScenePainter,@SingletonsCreator!@bridgeSceneFactoryMethod:->@BridgeScene
2,Mon Nov 06 15:33:35 EST 2017,true,mp\display\AnInheritingBridgeScenePainter.java,expectedDeclaredSignatures,AnInheritingBridgeScenePainter,paint:Graphics(.*)->void,AnInheritingBridgeScenePainter
2,Mon Nov 06 15:33:35 EST 2017,true,mp\display\AnInheritingBridgeScenePainter.java,expectedInterfaces,AnInheritingBridgeScenePainter,PropertyChangeListener,AnInheritingBridgeScenePainter
3,Mon Nov 06 15:34:21 EST 2017,false,InheritingBridgeScenePainter,expectedInterfaces,InheritingBridgeScenePainter,PropertyChangeListener,InheritingBridgeScenePainter
3,Mon Nov 06 15:34:21 EST 2017,false,InheritingBridgeScenePainter,missingMethodCall,InheritingBridgeScenePainter
3,Mon Nov 06 15:34:21 EST 2017,false,InheritingBridgeScenePainter,expectedSuperTypes,InheritingBridgeScenePainter,Component,InheritingBridgeScenePainter
3,Mon Nov 06 15:34:21 EST 2017,false,InheritingBridgeScenePainter,typeDefined,InheritingBridgeScenePainter,@InheritingBridgeScenePainter,Class
3,Mon Nov 06 15:34:21 EST 2017,false,InheritingBridgeScenePainter,missingMethodCall,InheritingBridgeScenePainter,super!paint:Graphics->void(.*)
3,Mon Nov 06 15:34:21 EST 2017,false,InheritingBridgeScenePainter,missingMethodCall,InheritingBridgeScenePainter,@SingletonsCreator!@bridgeSceneFactoryMethod:->@BridgeScene
3,Mon Nov 06 15:34:21 EST 2017,false,InheritingBridgeScenePainter,expectedDeclaredSignatures,InheritingBridgeScenePainter,paint:Graphics(.*)->void,InheritingBridgeScenePainter
4,Wed Nov 08 20:50:06 EST 2017,true,mp\display\PaintListener.java,typeDefined,PaintListener,@PaintListener,Interface
4,Wed Nov 08 20:50:06 EST 2017,true,mp\display\ObservableBridgeListener.java,typeDefined,ObservableBridgeListener,@ObservableBridgeScenePainter,Interface
4,Wed Nov 08 20:50:06 EST 2017,true,mp\display\AnObservableBridgeScenePainter.java,typeDefined,AnObservableBridgeScenePainter,@ObservableBridgeScenePainter,Class
4,Wed Nov 08 20:50:06 EST 2017,true,mp\display\AnObservableBridgeScenePainter.java,missingMethodCall,AnObservableBridgeScenePainter,@PaintListener!paint:Graphics->void(.*)
5,Wed Nov 08 20:54:28 EST 2017,false,[main.Assignment9,expectedTypes,[main.Assignment9, @ScannerBean, @Number, @Word, @Quote, @Start, @End, @Plus//EC, @Minus//EC, ScanningIterator//EC, @RotatingLine//EC, @Move, @Pass, @Fail, @Say, @RotateLeftArm//EC, @RotateRightArm//EC, @Repeat//EC, @Define//EC, @Call//EC, @Thread//EC, @Wait//EC, @ProceedAll//EC, @Sleep//EC, @Undo//EC, @Redo//EC, @Angle, @Avatar, @BridgeScene, @Locatable, @BoundedShape, @Table, @CommandInterpreter, @SignedMoveCommandInterpreter//EC, @ErrorResilientCommandInterpreter//EC, @ConsoleSceneView, @InheritingBridgeScenePainter, @ObservableBridgeScenePainter, @DelegatingBridgeSceneView, @PaintListener, @BridgeSceneController, @CommandInterpreterView//EC, @CommandInterpreterController//EC, @ObservableCommandInterpreter//EC, @Token, @SingletonsCreator, @ProgressBarCreator//EC]
5,Wed Nov 08 20:54:28 EST 2017,false,AnInheritingBridgeScenePainter,typeDefined,AnInheritingBridgeScenePainter,@InheritingBridgeScenePainter,Class
5,Wed Nov 08 20:54:28 EST 2017,false,AnInheritingBridgeScenePainter,expectedInterfaces,AnInheritingBridgeScenePainter,PropertyChangeListener,AnInheritingBridgeScenePainter
5,Wed Nov 08 20:54:28 EST 2017,false,AnInheritingBridgeScenePainter,missingMethodCall,AnInheritingBridgeScenePainter,@SingletonsCreator!@bridgeSceneFactoryMethod:->@BridgeScene
5,Wed Nov 08 20:54:28 EST 2017,false,AnInheritingBridgeScenePainter,missingMethodCall,AnInheritingBridgeScenePainter
5,Wed Nov 08 20:54:28 EST 2017,false,AnInheritingBridgeScenePainter,expectedDeclaredSignatures,AnInheritingBridgeScenePainter,paint:Graphics(.*)->void,AnInheritingBridgeScenePainter
5,Wed Nov 08 20:54:28 EST 2017,false,AnInheritingBridgeScenePainter,missingMethodCall,AnInheritingBridgeScenePainter,super!paint:Graphics->void(.*)
5,Wed Nov 08 20:54:28 EST 2017,true,mp\display\ObservableBridgeScenePainter.java,typeDefined,ObservableBridgeScenePainter,@ObservableBridgeScenePainter,Interface
6,Wed Nov 08 20:55:44 EST 2017,false,ObservableBridgeListener,typeDefined,ObservableBridgeListener,@ObservableBridgeScenePainter,Interface
7,Wed Nov 08 20:56:06 EST 2017,false,SingletonsCreator,expectedClassInstantiations,SingletonsCreator,mp.display.SingletonsCreator,@ObservableBridgeScenePainter//EC
8,Wed Nov 08 21:06:55 EST 2017,false,SingletonsCreator,expectedDeclaredSignatures,SingletonsCreator,@observableBridgeScenePainterFactoryMethod:->@ObservableBridgeScenePainter//EC,SingletonsCreator
8,Wed Nov 08 21:06:55 EST 2017,true,mp\display\DelegatingBridgeSceneView.java,typeDefined,DelegatingBridgeSceneView,@DelegatingBridgeSceneView,Interface
8,Wed Nov 08 21:06:55 EST 2017,true,mp\display\ADelegatingBridgeSceneView.java,typeDefined,ADelegatingBridgeSceneView,@DelegatingBridgeSceneView,Class
8,Wed Nov 08 21:06:55 EST 2017,true,mp\display\ADelegatingBridgeSceneView.java,missingMethodCall,ADelegatingBridgeSceneView,@SingletonsCreator!@observableBridgeScenePainterFactoryMethod:->@ObservableBridgeScenePainter
8,Wed Nov 08 21:06:55 EST 2017,true,mp\display\ADelegatingBridgeSceneView.java,missingMethodCall,ADelegatingBridgeSceneView
8,Wed Nov 08 21:06:55 EST 2017,true,mp\display\SingletonsCreator.java,functionAssignsGlobal,SingletonsCreator,getOrCreateDelegatingBridgeSceneView
9,Wed Nov 08 21:09:34 EST 2017,false,SingletonsCreator,expectedClassInstantiations,SingletonsCreator,mp.display.SingletonsCreator,@DelegatingBridgeSceneView//EC
10,Wed Nov 08 21:20:24 EST 2017,false,ADelegatingBridgeSceneView,missingMethodCall,ADelegatingBridgeSceneView,@SingletonsCreator!@observableBridgeScenePainterFactoryMethod:->@ObservableBridgeScenePainter
10,Wed Nov 08 21:20:24 EST 2017,true,mp\display\ABackgroundView.java,typeDefined,ABackgroundView,No Expected Tag,Class
10,Wed Nov 08 21:20:24 EST 2017,true,mp\display\AnAvatarView.java,typeDefined,AnAvatarView,No Expected Tag,Class
11,Wed Nov 08 21:21:19 EST 2017,true,mp\display\ABackgroundView.java,typeDefined,ABackgroundView,@PaintListener,Class
11,Wed Nov 08 21:21:19 EST 2017,true,mp\display\ABackgroundView.java,missingMethodCall,ABackgroundView
11,Wed Nov 08 21:21:19 EST 2017,true,mp\display\ABackgroundView.java,expectedInterfaces,ABackgroundView,PropertyChangeListener,ABackgroundView
11,Wed Nov 08 21:21:19 EST 2017,true,mp\display\AnAvatarView.java,typeDefined,AnAvatarView,@PaintListener,Class
11,Wed Nov 08 21:21:19 EST 2017,true,mp\display\AnAvatarView.java,missingMethodCall,AnAvatarView
11,Wed Nov 08 21:21:19 EST 2017,true,mp\display\AnAvatarView.java,expectedInterfaces,AnAvatarView,PropertyChangeListener,AnAvatarView
12,Wed Nov 08 21:38:37 EST 2017,false,ABackgroundView,typeDefined,ABackgroundView,No Expected Tag,Class
12,Wed Nov 08 21:38:37 EST 2017,false,AnAvatarView,typeDefined,AnAvatarView,No Expected Tag,Class
13,Wed Nov 08 21:44:29 EST 2017,false,ABackgroundView,expectedInterfaces,ABackgroundView,PropertyChangeListener,ABackgroundView
13,Wed Nov 08 21:44:29 EST 2017,false,AnAvatarView,expectedInterfaces,AnAvatarView,PropertyChangeListener,AnAvatarView
13,Wed Nov 08 21:44:29 EST 2017,true,mp\tokens\Say.java,expectedTypes,[main.Assignment9, @ScannerBean, @Number, @Word, @Quote, @Start, @End, @Plus//EC, @Minus//EC, ScanningIterator//EC, @RotatingLine//EC, @Move, @Pass, @Fail, @Say, @RotateLeftArm//EC, @RotateRightArm//EC, @Repeat//EC, @Define//EC, @Call//EC, @Thread//EC, @Wait//EC, @ProceedAll//EC, @Sleep//EC, @Undo//EC, @Redo//EC, @Angle, @Avatar, @BridgeScene, @Locatable, @BoundedShape, @Table, @CommandInterpreter, @SignedMoveCommandInterpreter//EC, @ErrorResilientCommandInterpreter//EC, @ConsoleSceneView, @InheritingBridgeScenePainter, @ObservableBridgeScenePainter, @DelegatingBridgeSceneView, @PaintListener, @BridgeSceneController, @CommandInterpreterView//EC, @CommandInterpreterController//EC, @ObservableCommandInterpreter//EC, @Token, @SingletonsCreator, @ProgressBarCreator//EC]
25,Wed Nov 08 21:49:18 EST 2017,false,ADelegatingBridgeSceneView,missingMethodCall,ADelegatingBridgeSceneView
25,Wed Nov 08 21:49:19 EST 2017,true,mp\display\ABackgroundView.java,expectedInterfaces,ABackgroundView,PropertyChangeListener,ABackgroundView
25,Wed Nov 08 21:49:19 EST 2017,true,mp\display\AnAvatarView.java,expectedInterfaces,AnAvatarView,PropertyChangeListener,AnAvatarView
27,Wed Nov 08 21:55:26 EST 2017,false,ABackgroundView,expectedInterfaces,ABackgroundView,PropertyChangeListener,ABackgroundView
27,Wed Nov 08 21:55:26 EST 2017,false,AnAvatarView,expectedInterfaces,AnAvatarView,PropertyChangeListener,AnAvatarView
27,Wed Nov 08 21:55:26 EST 2017,true,mp\display\DelegatingBridgeSceneView.java,typeDefined,DelegatingBridgeSceneView,@DelegatingBridgeSceneView,Class
27,Wed Nov 08 21:55:26 EST 2017,true,mp\display\SingletonsCreator.java,variableHasClassType,SingletonsCreator,DelegatingBridgeSceneView,delegatingBridgeSceneView
27,Wed Nov 08 21:55:26 EST 2017,true,mp\display\SingletonsCreator.java,variableHasClassType,SingletonsCreator,DelegatingBridgeSceneView,getOrCreateDelegatingBridgeSceneView
28,Wed Nov 08 21:58:13 EST 2017,false,DelegatingBridgeSceneView,typeDefined,DelegatingBridgeSceneView,@DelegatingBridgeSceneView,Interface
28,Wed Nov 08 21:58:13 EST 2017,false,SingletonsCreator,functionAssignsGlobal,SingletonsCreator,getOrCreateDelegatingBridgeSceneView
28,Wed Nov 08 21:58:13 EST 2017,false,ADelegatingBridgeSceneView,typeDefined,ADelegatingBridgeSceneView,@DelegatingBridgeSceneView,Class
28,Wed Nov 08 21:58:13 EST 2017,true,mp\display\DelegatingBridgeSceneView.java,typeDefined,DelegatingBridgeSceneView,@DelegatingBridgeSceneView,Interface
28,Wed Nov 08 21:58:13 EST 2017,true,mp\display\ADelegatingBridgeSceneView.java,typeDefined,ADelegatingBridgeSceneView,@DelegatingBridgeSceneView,Class
29,Wed Nov 08 22:56:15 EST 2017,false,DelegatingBridgeSceneView,typeDefined,DelegatingBridgeSceneView,@DelegatingBridgeSceneView,Class
29,Wed Nov 08 22:56:15 EST 2017,false,SingletonsCreator,variableHasClassType,SingletonsCreator,DelegatingBridgeSceneView,delegatingBridgeSceneView
29,Wed Nov 08 22:56:15 EST 2017,false,SingletonsCreator,variableHasClassType,SingletonsCreator,DelegatingBridgeSceneView,getOrCreateDelegatingBridgeSceneView
29,Wed Nov 08 22:56:15 EST 2017,true,mp\tokens\Say.java,expectedTypes,[main.Assignment9, @ScannerBean, @Number, @Word, @Quote, @Start, @End, @Plus//EC, @Minus//EC, ScanningIterator//EC, @RotatingLine//EC, @Move, @Pass, @Fail, @Say, @RotateLeftArm//EC, @RotateRightArm//EC, @Repeat//EC, @Define//EC, @Call//EC, @Thread//EC, @Wait//EC, @ProceedAll//EC, @Sleep//EC, @Undo//EC, @Redo//EC, @Angle, @Avatar, @BridgeScene, @Locatable, @BoundedShape, @Table, @CommandInterpreter, @SignedMoveCommandInterpreter//EC, @ErrorResilientCommandInterpreter//EC, @ConsoleSceneView, @InheritingBridgeScenePainter, @ObservableBridgeScenePainter, @DelegatingBridgeSceneView, @PaintListener, @BridgeSceneController, @CommandInterpreterView//EC, @CommandInterpreterController//EC, @ObservableCommandInterpreter//EC, @Token, @SingletonsCreator, @ProgressBarCreator//EC]
29,Wed Nov 08 22:56:15 EST 2017,true,mp\display\AnAvatarView.java,noFullTypeName,AnAvatarView,java.awt.Image
47,Wed Nov 08 23:09:07 EST 2017,false,[main.Assignment9,expectedTypes,[main.Assignment9, @ScannerBean, @Number, @Word, @Quote, @Start, @End, @Plus//EC, @Minus//EC, ScanningIterator//EC, @RotatingLine//EC, @Move, @Pass, @Fail, @Say, @RotateLeftArm//EC, @RotateRightArm//EC, @Repeat//EC, @Define//EC, @Call//EC, @Thread//EC, @Wait//EC, @ProceedAll//EC, @Sleep//EC, @Undo//EC, @Redo//EC, @Angle, @Avatar, @BridgeScene, @Locatable, @BoundedShape, @Table, @CommandInterpreter, @SignedMoveCommandInterpreter//EC, @ErrorResilientCommandInterpreter//EC, @ConsoleSceneView, @InheritingBridgeScenePainter, @ObservableBridgeScenePainter, @DelegatingBridgeSceneView, @PaintListener, @BridgeSceneController, @CommandInterpreterView//EC, @CommandInterpreterController//EC, @ObservableCommandInterpreter//EC, @Token, @SingletonsCreator, @ProgressBarCreator//EC]
47,Wed Nov 08 23:09:07 EST 2017,false,AnAvatarView,missingMethodCall,AnAvatarView
47,Wed Nov 08 23:09:08 EST 2017,true,mp\display\AvatarView.java,typeDefined,AvatarView,@PaintListener,Interface
48,Wed Nov 08 23:12:31 EST 2017,true,mp\display\Images.java,typeDefined,Images,No Expected Tag,Interface
49,Wed Nov 08 23:19:11 EST 2017,false,Image,typeDefined,Image,No Expected Tag,Interface
49,Wed Nov 08 23:19:11 EST 2017,false,AnAvatarView,noFullTypeName,AnAvatarView,java.awt.Image
50,Thu Nov 09 00:01:54 EST 2017,false,ABackgroundView,missingMethodCall,ABackgroundView
50,Thu Nov 09 00:01:54 EST 2017,true,mp\tokens\Say.java,expectedTypes,[main.Assignment9, @ScannerBean, @Number, @Word, @Quote, @Start, @End, @Plus//EC, @Minus//EC, ScanningIterator//EC, @RotatingLine//EC, @Move, @Pass, @Fail, @Say, @RotateLeftArm//EC, @RotateRightArm//EC, @Repeat//EC, @Define//EC, @Call//EC, @Thread//EC, @Wait//EC, @ProceedAll//EC, @Sleep//EC, @Undo//EC, @Redo//EC, @Angle, @Avatar, @BridgeScene, @Locatable, @BoundedShape, @Table, @CommandInterpreter, @SignedMoveCommandInterpreter//EC, @ErrorResilientCommandInterpreter//EC, @ConsoleSceneView, @InheritingBridgeScenePainter, @ObservableBridgeScenePainter, @DelegatingBridgeSceneView, @PaintListener, @BridgeSceneController, @CommandInterpreterView//EC, @CommandInterpreterController//EC, @ObservableCommandInterpreter//EC, @Token, @SingletonsCreator, @ProgressBarCreator//EC]
50,Thu Nov 09 00:01:54 EST 2017,true,mp\display\BackgroundView.java,typeDefined,BackgroundView,@PaintListener,Interface
50,Thu Nov 09 00:01:55 EST 2017,true,mp\display\BridgeSceneController.java,typeDefined,BridgeSceneController,@BridgeSceneController,Interface
50,Thu Nov 09 00:01:55 EST 2017,true,mp\display\ABridgeSceneController.java,typeDefined,ABridgeSceneController,@BridgeSceneController,Class
50,Thu Nov 09 00:01:55 EST 2017,true,mp\display\ABridgeSceneController.java,expectedInterfaces,ABridgeSceneController,MouseListener,ABridgeSceneController
50,Thu Nov 09 00:01:55 EST 2017,true,mp\display\ABridgeSceneController.java,expectedInterfaces,ABridgeSceneController,KeyListener,ABridgeSceneController
50,Thu Nov 09 00:01:55 EST 2017,true,mp\display\ABridgeSceneController.java,missingMethodCall,ABridgeSceneController,@SingletonsCreator!@bridgeSceneFactoryMethod:->@BridgeScene
50,Thu Nov 09 00:01:55 EST 2017,true,mp\display\ABridgeSceneController.java,missingMethodCall,ABridgeSceneController
50,Thu Nov 09 00:17:47 EST 2017,true,mp\tokens\Say.java,expectedTypes,[main.Assignment9, @ScannerBean, @Number, @Word, @Quote, @Start, @End, @Plus//EC, @Minus//EC, ScanningIterator//EC, @RotatingLine//EC, @Move, @Pass, @Fail, @Say, @RotateLeftArm//EC, @RotateRightArm//EC, @Repeat//EC, @Define//EC, @Call//EC, @Thread//EC, @Wait//EC, @ProceedAll//EC, @Sleep//EC, @Undo//EC, @Redo//EC, @Angle, @Avatar, @BridgeScene, @Locatable, @BoundedShape, @Table, @CommandInterpreter, @SignedMoveCommandInterpreter//EC, @ErrorResilientCommandInterpreter//EC, @ConsoleSceneView, @InheritingBridgeScenePainter, @ObservableBridgeScenePainter, @DelegatingBridgeSceneView, @PaintListener, @BridgeSceneController, @CommandInterpreterView//EC, @CommandInterpreterController//EC, @ObservableCommandInterpreter//EC, @Token, @SingletonsCreator, @ProgressBarCreator//EC]
74,Thu Nov 09 00:28:04 EST 2017,false,[main.Assignment9,expectedTypes,[main.Assignment9, @ScannerBean, @Number, @Word, @Quote, @Start, @End, @Plus//EC, @Minus//EC, ScanningIterator//EC, @RotatingLine//EC, @Move, @Pass, @Fail, @Say, @RotateLeftArm//EC, @RotateRightArm//EC, @Repeat//EC, @Define//EC, @Call//EC, @Thread//EC, @Wait//EC, @ProceedAll//EC, @Sleep//EC, @Undo//EC, @Redo//EC, @Angle, @Avatar, @BridgeScene, @Locatable, @BoundedShape, @Table, @CommandInterpreter, @SignedMoveCommandInterpreter//EC, @ErrorResilientCommandInterpreter//EC, @ConsoleSceneView, @InheritingBridgeScenePainter, @ObservableBridgeScenePainter, @DelegatingBridgeSceneView, @PaintListener, @BridgeSceneController, @CommandInterpreterView//EC, @CommandInterpreterController//EC, @ObservableCommandInterpreter//EC, @Token, @SingletonsCreator, @ProgressBarCreator//EC]
74,Thu Nov 09 00:28:04 EST 2017,false,ABridgeSceneController,expectedInterfaces,ABridgeSceneController,KeyListener,ABridgeSceneController
74,Thu Nov 09 00:28:04 EST 2017,false,ABridgeSceneController,expectedInterfaces,ABridgeSceneController,MouseListener,ABridgeSceneController
74,Thu Nov 09 00:28:04 EST 2017,false,ABridgeSceneController,missingMethodCall,ABridgeSceneController,@SingletonsCreator!@bridgeSceneFactoryMethod:->@BridgeScene
76,Thu Nov 09 00:43:02 EST 2017,false,SingletonsCreator,expectedDeclaredSignatures,SingletonsCreator,@bridgeSceneControllerFactoryMethod:->@BridgeSceneController,SingletonsCreator
76,Thu Nov 09 00:43:02 EST 2017,false,SingletonsCreator,expectedClassInstantiations,SingletonsCreator,mp.display.SingletonsCreator,@BridgeSceneController
76,Thu Nov 09 00:43:02 EST 2017,false,SingletonsCreator,expectedDeclaredSignatures,SingletonsCreator,@delegatingBridgeSceneViewFactoryMethod:->@DelegatingBridgeSceneView//EC,SingletonsCreator
77,Sat Nov 11 20:30:17 EST 2017,true,mp\tokens\Say.java,expectedTypes,[main.Assignment9, @ScannerBean, @Number, @Word, @Quote, @Start, @End, @Plus//EC, @Minus//EC, ScanningIterator//EC, @RotatingLine//EC, @Move, @Pass, @Fail, @Say, @RotateLeftArm//EC, @RotateRightArm//EC, @Repeat//EC, @Define//EC, @Call//EC, @Thread//EC, @Wait//EC, @ProceedAll//EC, @Sleep//EC, @Undo//EC, @Redo//EC, @Angle, @Avatar, @BridgeScene, @Locatable, @BoundedShape, @Table, @CommandInterpreter, @SignedMoveCommandInterpreter//EC, @ErrorResilientCommandInterpreter//EC, @ConsoleSceneView, @InheritingBridgeScenePainter, @ObservableBridgeScenePainter, @DelegatingBridgeSceneView, @PaintListener, @BridgeSceneController, @CommandInterpreterView//EC, @CommandInterpreterController//EC, @ObservableCommandInterpreter//EC, @Token, @SingletonsCreator, @ProgressBarCreator//EC]
77,Sat Nov 11 20:30:17 EST 2017,true,mp\display\AnAvatarGalahadView.java,typeDefined,AnAvatarGalahadView,@PaintListener,Class
77,Sat Nov 11 20:30:17 EST 2017,true,mp\display\BackgroundView.java,typeDefined,BackgroundView,No Expected Tag,Interface
77,Sat Nov 11 20:30:17 EST 2017,true,mp\display\AnAvatarArthurView.java,typeDefined,AnAvatarArthurView,@PaintListener,Class
77,Sat Nov 11 20:30:18 EST 2017,true,mp\display\AnAvatarRobinView.java,typeDefined,AnAvatarRobinView,@PaintListener,Class
77,Sat Nov 11 20:30:18 EST 2017,true,mp\display\AnAvatarLancelotView.java,typeDefined,AnAvatarLancelotView,@PaintListener,Class
77,Sat Nov 11 20:30:18 EST 2017,true,mp\display\AnAvatarGuardView.java,typeDefined,AnAvatarGuardView,@PaintListener,Class
77,Sat Nov 11 20:30:18 EST 2017,true,mp\display\AvatarView.java,typeDefined,AvatarView,No Expected Tag,Interface
78,Sat Nov 11 21:07:14 EST 2017,false,BackgroundView,typeDefined,BackgroundView,@PaintListener,Interface
78,Sat Nov 11 21:07:14 EST 2017,false,AvatarView,typeDefined,AvatarView,@PaintListener,Interface
78,Sat Nov 11 21:07:14 EST 2017,false,ABridgeSceneController,missingMethodCall,ABridgeSceneController
78,Sat Nov 11 21:07:14 EST 2017,false,AnAvatarView,typeDefined,AnAvatarView,@PaintListener,Class
78,Sat Nov 11 21:07:14 EST 2017,true,mp\tokens\Say.java,expectedTypes,[main.Assignment9, @ScannerBean, @Number, @Word, @Quote, @Start, @End, @Plus//EC, @Minus//EC, ScanningIterator//EC, @RotatingLine//EC, @Move, @Pass, @Fail, @Say, @RotateLeftArm//EC, @RotateRightArm//EC, @Repeat//EC, @Define//EC, @Call//EC, @Thread//EC, @Wait//EC, @ProceedAll//EC, @Sleep//EC, @Undo//EC, @Redo//EC, @Angle, @Avatar, @BridgeScene, @Locatable, @BoundedShape, @Table, @CommandInterpreter, @SignedMoveCommandInterpreter//EC, @ErrorResilientCommandInterpreter//EC, @ConsoleSceneView, @InheritingBridgeScenePainter, @ObservableBridgeScenePainter, @DelegatingBridgeSceneView, @PaintListener, @BridgeSceneController, @CommandInterpreterView//EC, @CommandInterpreterController//EC, @ObservableCommandInterpreter//EC, @Token, @SingletonsCreator, @ProgressBarCreator//EC]
78,Sat Nov 11 21:07:14 EST 2017,true,mp\display\ACommandInterpreterController.java,typeDefined,ACommandInterpreterController,No Expected Tag,Class
81,Sat Nov 11 21:21:45 EST 2017,true,mp\display\ACommandInterpreterController.java,typeDefined,ACommandInterpreterController,@CommandInterpreterController//EC,Class
81,Sat Nov 11 21:21:45 EST 2017,true,mp\display\ACommandInterpreterController.java,missingMethodCall,ACommandInterpreterController,@SingletonsCreator!@commandInterpreterFactoryMethod:->@CommandInterpreter
81,Sat Nov 11 21:21:45 EST 2017,true,mp\display\ACommandInterpreterController.java,missingMethodCall,ACommandInterpreterController,@CommandInterpreter!setCommand:String->void
81,Sat Nov 11 21:21:45 EST 2017,true,mp\display\ACommandInterpreterController.java,expectedGetters,ACommandInterpreterController,MenuItem,JMenuItem
81,Sat Nov 11 21:21:45 EST 2017,true,mp\display\ACommandInterpreterController.java,expectedGetters,ACommandInterpreterController,Button,JButton
81,Sat Nov 11 21:21:45 EST 2017,true,mp\display\ACommandInterpreterController.java,expectedClassInstantiations,ACommandInterpreterController,mp.display.ACommandInterpreterController,JTextField
81,Sat Nov 11 21:21:45 EST 2017,true,mp\display\ACommandInterpreterController.java,expectedClassInstantiations,ACommandInterpreterController,mp.display.ACommandInterpreterController,JMenuItem
81,Sat Nov 11 21:21:45 EST 2017,true,mp\display\ACommandInterpreterController.java,expectedClassInstantiations,ACommandInterpreterController,mp.display.ACommandInterpreterController,JButton
81,Sat Nov 11 21:21:45 EST 2017,true,mp\display\CommandInterpreterController.java,typeDefined,CommandInterpreterController,@CommandInterpreterController//EC,Interface
82,Sat Nov 11 21:22:29 EST 2017,false,[main.Assignment9,expectedTypes,[main.Assignment9, @ScannerBean, @Number, @Word, @Quote, @Start, @End, @Plus//EC, @Minus//EC, ScanningIterator//EC, @RotatingLine//EC, @Move, @Pass, @Fail, @Say, @RotateLeftArm//EC, @RotateRightArm//EC, @Repeat//EC, @Define//EC, @Call//EC, @Thread//EC, @Wait//EC, @ProceedAll//EC, @Sleep//EC, @Undo//EC, @Redo//EC, @Angle, @Avatar, @BridgeScene, @Locatable, @BoundedShape, @Table, @CommandInterpreter, @SignedMoveCommandInterpreter//EC, @ErrorResilientCommandInterpreter//EC, @ConsoleSceneView, @InheritingBridgeScenePainter, @ObservableBridgeScenePainter, @DelegatingBridgeSceneView, @PaintListener, @BridgeSceneController, @CommandInterpreterView//EC, @CommandInterpreterController//EC, @ObservableCommandInterpreter//EC, @Token, @SingletonsCreator, @ProgressBarCreator//EC]
82,Sat Nov 11 21:22:29 EST 2017,false,ACommandInterpreterController,typeDefined,ACommandInterpreterController,No Expected Tag,Class
83,Sat Nov 11 21:46:24 EST 2017,false,ACommandInterpreterController,missingMethodCall,ACommandInterpreterController,@SingletonsCreator!@commandInterpreterFactoryMethod:->@CommandInterpreter
83,Sat Nov 11 21:46:24 EST 2017,true,mp\tokens\Say.java,expectedTypes,[main.Assignment9, @ScannerBean, @Number, @Word, @Quote, @Start, @End, @Plus//EC, @Minus//EC, ScanningIterator//EC, @RotatingLine//EC, @Move, @Pass, @Fail, @Say, @RotateLeftArm//EC, @RotateRightArm//EC, @Repeat//EC, @Define//EC, @Call//EC, @Thread//EC, @Wait//EC, @ProceedAll//EC, @Sleep//EC, @Undo//EC, @Redo//EC, @Angle, @Avatar, @BridgeScene, @Locatable, @BoundedShape, @Table, @CommandInterpreter, @SignedMoveCommandInterpreter//EC, @ErrorResilientCommandInterpreter//EC, @ConsoleSceneView, @InheritingBridgeScenePainter, @ObservableBridgeScenePainter, @DelegatingBridgeSceneView, @PaintListener, @BridgeSceneController, @CommandInterpreterView//EC, @CommandInterpreterController//EC, @ObservableCommandInterpreter//EC, @Token, @SingletonsCreator, @ProgressBarCreator//EC]
83,Sat Nov 11 22:46:19 EST 2017,true,mp\tokens\Say.java,expectedTypes,[main.Assignment9, @ScannerBean, @Number, @Word, @Quote, @Start, @End, @Plus//EC, @Minus//EC, ScanningIterator//EC, @RotatingLine//EC, @Move, @Pass, @Fail, @Say, @RotateLeftArm//EC, @RotateRightArm//EC, @Repeat//EC, @Define//EC, @Call//EC, @Thread//EC, @Wait//EC, @ProceedAll//EC, @Sleep//EC, @Undo//EC, @Redo//EC, @Angle, @Avatar, @BridgeScene, @Locatable, @BoundedShape, @Table, @CommandInterpreter, @SignedMoveCommandInterpreter//EC, @ErrorResilientCommandInterpreter//EC, @ConsoleSceneView, @InheritingBridgeScenePainter, @ObservableBridgeScenePainter, @DelegatingBridgeSceneView, @PaintListener, @BridgeSceneController, @CommandInterpreterView//EC, @CommandInterpreterController//EC, @ObservableCommandInterpreter//EC, @Token, @SingletonsCreator, @ProgressBarCreator//EC]
83,Sat Nov 11 22:46:19 EST 2017,true,mp\display\ACommandInterpreter.java,typeDefined,ACommandInterpreter,@ObservableCommandInterpreter//EC,Class
83,Sat Nov 11 22:46:19 EST 2017,true,mp\display\ACommandInterpreterView.java,typeDefined,ACommandInterpreterView,@CommandInterpreterView//EC,Class
83,Sat Nov 11 22:46:19 EST 2017,true,mp\display\ACommandInterpreterView.java,missingMethodCall,ACommandInterpreterView,@SingletonsCreator!@commandInterpreterFactoryMethod:->@CommandInterpreter
83,Sat Nov 11 22:46:19 EST 2017,true,mp\display\CommandInterpreterView.java,typeDefined,CommandInterpreterView,@CommandInterpreterView//EC,Interface
83,Sat Nov 11 22:46:19 EST 2017,true,mp\display\CommandInterpreterView.java,expectedInterfaces,ACommandInterpreterView,PropertyChangeListener,ACommandInterpreterView
83,Sat Nov 11 23:19:46 EST 2017,true,mp\tokens\Say.java,expectedTypes,[main.Assignment9, @ScannerBean, @Number, @Word, @Quote, @Start, @End, @Plus//EC, @Minus//EC, ScanningIterator//EC, @RotatingLine//EC, @Move, @Pass, @Fail, @Say, @RotateLeftArm//EC, @RotateRightArm//EC, @Repeat//EC, @Define//EC, @Call//EC, @Thread//EC, @Wait//EC, @ProceedAll//EC, @Sleep//EC, @Undo//EC, @Redo//EC, @Angle, @Avatar, @BridgeScene, @Locatable, @BoundedShape, @Table, @CommandInterpreter, @SignedMoveCommandInterpreter//EC, @ErrorResilientCommandInterpreter//EC, @ConsoleSceneView, @InheritingBridgeScenePainter, @ObservableBridgeScenePainter, @DelegatingBridgeSceneView, @PaintListener, @BridgeSceneController, @CommandInterpreterView//EC, @CommandInterpreterController//EC, @ObservableCommandInterpreter//EC, @Token, @SingletonsCreator, @ProgressBarCreator//EC]
84,Sun Nov 19 20:09:59 EST 2017,true,mp\tokens\Say.java,expectedTypes,[main.Assignment9, @ScannerBean, @Number, @Word, @Quote, @Start, @End, @Plus//EC, @Minus//EC, ScanningIterator//EC, @RotatingLine//EC, @Move, @Pass, @Fail, @Say, @RotateLeftArm//EC, @RotateRightArm//EC, @Repeat//EC, @Define//EC, @Call//EC, @Thread//EC, @Wait//EC, @ProceedAll//EC, @Sleep//EC, @Undo//EC, @Redo//EC, @Angle, @Avatar, @BridgeScene, @Locatable, @BoundedShape, @Table, @CommandInterpreter, @SignedMoveCommandInterpreter//EC, @ErrorResilientCommandInterpreter//EC, @ConsoleSceneView, @InheritingBridgeScenePainter, @ObservableBridgeScenePainter, @DelegatingBridgeSceneView, @PaintListener, @BridgeSceneController, @CommandInterpreterView//EC, @CommandInterpreterController//EC, @ObservableCommandInterpreter//EC, @Token, @SingletonsCreator, @ProgressBarCreator//EC]
84,Sun Nov 19 20:10:00 EST 2017,true,mp\display\FrameGetters.java,typeDefined,FrameGetters,No Expected Tag,Interface
85,Sun Nov 19 20:10:48 EST 2017,false,SingletonsCreator,expectedClassInstantiations,SingletonsCreator,mp.display.SingletonsCreator,@CommandInterpreterController//EC
85,Sun Nov 19 20:10:48 EST 2017,false,SingletonsCreator,expectedDeclaredSignatures,SingletonsCreator,@commandInterpreterControllerFactoryMethod:->@CommandInterpreterController/EC,SingletonsCreator
85,Sun Nov 19 20:10:48 EST 2017,false,SingletonsCreator,expectedDeclaredSignatures,SingletonsCreator,@commandInterpreterViewFactoryMethod:->@CommandInterpreterView,SingletonsCreator
85,Sun Nov 19 20:10:48 EST 2017,false,SingletonsCreator,expectedClassInstantiations,SingletonsCreator,mp.display.SingletonsCreator,@CommandInterpreterView//EC
85,Sun Nov 19 20:10:48 EST 2017,false,SingletonsCreator,expectedDeclaredSignatures,SingletonsCreator,@inheritingBridgeScenePainterFactoryMethod:->@InheritingBridgeScenePainter,SingletonsCreator
85,Sun Nov 19 20:10:48 EST 2017,false,[main.Assignment9,expectedTypes,[main.Assignment9, @ScannerBean, @Number, @Word, @Quote, @Start, @End, @Plus//EC, @Minus//EC, ScanningIterator//EC, @RotatingLine//EC, @Move, @Pass, @Fail, @Say, @RotateLeftArm//EC, @RotateRightArm//EC, @Repeat//EC, @Define//EC, @Call//EC, @Thread//EC, @Wait//EC, @ProceedAll//EC, @Sleep//EC, @Undo//EC, @Redo//EC, @Angle, @Avatar, @BridgeScene, @Locatable, @BoundedShape, @Table, @CommandInterpreter, @SignedMoveCommandInterpreter//EC, @ErrorResilientCommandInterpreter//EC, @ConsoleSceneView, @InheritingBridgeScenePainter, @ObservableBridgeScenePainter, @DelegatingBridgeSceneView, @PaintListener, @BridgeSceneController, @CommandInterpreterView//EC, @CommandInterpreterController//EC, @ObservableCommandInterpreter//EC, @Token, @SingletonsCreator, @ProgressBarCreator//EC]
85,Sun Nov 19 20:10:48 EST 2017,false,ACommandInterpreterView,expectedInterfaces,ACommandInterpreterView,PropertyChangeListener,ACommandInterpreterView
85,Sun Nov 19 20:10:48 EST 2017,false,ACommandInterpreterView,missingMethodCall,ACommandInterpreterView,@SingletonsCreator!@commandInterpreterFactoryMethod:->@CommandInterpreter
85,Sun Nov 19 20:10:48 EST 2017,false,ACommandInterpreterController,expectedClassInstantiations,ACommandInterpreterController,mp.display.ACommandInterpreterController,JTextField
85,Sun Nov 19 20:10:48 EST 2017,false,ACommandInterpreterController,missingMethodCall,ACommandInterpreterController,@CommandInterpreter!setCommand:String->void
85,Sun Nov 19 22:04:47 EST 2017,true,mp\tokens\Say.java,expectedTypes,[main.Assignment9, @ScannerBean, @Number, @Word, @Quote, @Start, @End, @Plus//EC, @Minus//EC, ScanningIterator//EC, @RotatingLine//EC, @Move, @Pass, @Fail, @Say, @RotateLeftArm//EC, @RotateRightArm//EC, @Repeat//EC, @Define//EC, @Call//EC, @Thread//EC, @Wait//EC, @ProceedAll//EC, @Sleep//EC, @Undo//EC, @Redo//EC, @Angle, @Avatar, @BridgeScene, @Locatable, @BoundedShape, @Table, @CommandInterpreter, @SignedMoveCommandInterpreter//EC, @ErrorResilientCommandInterpreter//EC, @ConsoleSceneView, @InheritingBridgeScenePainter, @ObservableBridgeScenePainter, @DelegatingBridgeSceneView, @PaintListener, @BridgeSceneController, @CommandInterpreterView//EC, @CommandInterpreterController//EC, @ObservableCommandInterpreter//EC, @Token, @SingletonsCreator, @ProgressBarCreator//EC]
85,Sun Nov 19 22:04:47 EST 2017,true,mp\display\ACommandInterpreterController.java,expectedClassInstantiations,ACommandInterpreterController,mp.display.ACommandInterpreterController,JTextField
85,Mon Nov 20 21:21:56 EST 2017,true,mp\tokens\Say.java,expectedTypes,[main.Assignment9, @ScannerBean, @Number, @Word, @Quote, @Start, @End, @Plus//EC, @Minus//EC, ScanningIterator//EC, @RotatingLine//EC, @Move, @Pass, @Fail, @Say, @RotateLeftArm//EC, @RotateRightArm//EC, @Repeat//EC, @Define//EC, @Call//EC, @Thread//EC, @Wait//EC, @ProceedAll//EC, @Sleep//EC, @Undo//EC, @Redo//EC, @Angle, @Avatar, @BridgeScene, @Locatable, @BoundedShape, @Table, @CommandInterpreter, @SignedMoveCommandInterpreter//EC, @ErrorResilientCommandInterpreter//EC, @ConsoleSceneView, @InheritingBridgeScenePainter, @ObservableBridgeScenePainter, @DelegatingBridgeSceneView, @PaintListener, @BridgeSceneController, @CommandInterpreterView//EC, @CommandInterpreterController//EC, @ObservableCommandInterpreter//EC, @Token, @SingletonsCreator, @ProgressBarCreator//EC]
91,Mon Nov 20 21:23:58 EST 2017,false,[main.Assignment9,expectedTypes,[main.Assignment9, @ScannerBean, @Number, @Word, @Quote, @Start, @End, @Plus//EC, @Minus//EC, ScanningIterator//EC, @RotatingLine//EC, @Move, @Pass, @Fail, @Say, @RotateLeftArm//EC, @RotateRightArm//EC, @Repeat//EC, @Define//EC, @Call//EC, @Thread//EC, @Wait//EC, @ProceedAll//EC, @Sleep//EC, @Undo//EC, @Redo//EC, @Angle, @Avatar, @BridgeScene, @Locatable, @BoundedShape, @Table, @CommandInterpreter, @SignedMoveCommandInterpreter//EC, @ErrorResilientCommandInterpreter//EC, @ConsoleSceneView, @InheritingBridgeScenePainter, @ObservableBridgeScenePainter, @DelegatingBridgeSceneView, @PaintListener, @BridgeSceneController, @CommandInterpreterView//EC, @CommandInterpreterController//EC, @ObservableCommandInterpreter//EC, @Token, @SingletonsCreator, @ProgressBarCreator//EC]
91,Mon Nov 20 21:23:58 EST 2017,false,ACommandInterpreterController,expectedClassInstantiations,ACommandInterpreterController,mp.display.ACommandInterpreterController,JButton
91,Mon Nov 20 21:23:58 EST 2017,false,ACommandInterpreterController,expectedClassInstantiations,ACommandInterpreterController,mp.display.ACommandInterpreterController,JMenuItem
91,Mon Nov 20 21:23:58 EST 2017,false,ACommandInterpreterController,expectedGetters,ACommandInterpreterController,Button,JButton
93,Mon Nov 20 21:24:54 EST 2017,false,ACommandInterpreterController,expectedGetters,ACommandInterpreterController,MenuItem,JMenuItem
94,Mon Nov 20 21:28:41 EST 2017,true,mp\display\ACommandInterpreterController.java,expectedClassInstantiations,ACommandInterpreterController,mp.display.ACommandInterpreterController,JMenuItem
94,Mon Nov 20 21:28:41 EST 2017,true,mp\display\ACommandInterpreterController.java,expectedClassInstantiations,ACommandInterpreterController,mp.display.ACommandInterpreterController,JButton
94,Tue Nov 21 11:53:22 EST 2017,true,mp\tokens\Say.java,expectedTypes,[main.Assignment9, @ScannerBean, @Number, @Word, @Quote, @Start, @End, @Plus//EC, @Minus//EC, ScanningIterator//EC, @RotatingLine//EC, @Move, @Pass, @Fail, @Say, @RotateLeftArm//EC, @RotateRightArm//EC, @Repeat//EC, @Define//EC, @Call//EC, @Thread//EC, @Wait//EC, @ProceedAll//EC, @Sleep//EC, @Undo//EC, @Redo//EC, @Angle, @Avatar, @BridgeScene, @Locatable, @BoundedShape, @Table, @CommandInterpreter, @SignedMoveCommandInterpreter//EC, @ErrorResilientCommandInterpreter//EC, @ConsoleSceneView, @InheritingBridgeScenePainter, @ObservableBridgeScenePainter, @DelegatingBridgeSceneView, @PaintListener, @BridgeSceneController, @CommandInterpreterView//EC, @CommandInterpreterController//EC, @ObservableCommandInterpreter//EC, @Token, @SingletonsCreator, @ProgressBarCreator//EC]
94,Tue Nov 21 11:53:22 EST 2017,true,mp\display\ACommandInterpreterView.java,magic.number,ACommandInterpreterView,3,EXPR 3 , EXPR 1
94,Tue Nov 21 11:53:22 EST 2017,true,mp\display\ABridgeSceneController.java,missingMethodCall,ABridgeSceneController
94,Tue Nov 21 12:47:12 EST 2017,true,mp\tokens\Say.java,expectedTypes,[main.Assignment9, @ScannerBean, @Number, @Word, @Quote, @Start, @End, @Plus//EC, @Minus//EC, ScanningIterator//EC, @RotatingLine//EC, @Move, @Pass, @Fail, @Say, @RotateLeftArm//EC, @RotateRightArm//EC, @Repeat//EC, @Define//EC, @Call//EC, @Thread//EC, @Wait//EC, @ProceedAll//EC, @Sleep//EC, @Undo//EC, @Redo//EC, @Angle, @Avatar, @BridgeScene, @Locatable, @BoundedShape, @Table, @CommandInterpreter, @SignedMoveCommandInterpreter//EC, @ErrorResilientCommandInterpreter//EC, @ConsoleSceneView, @InheritingBridgeScenePainter, @ObservableBridgeScenePainter, @DelegatingBridgeSceneView, @PaintListener, @BridgeSceneController, @CommandInterpreterView//EC, @CommandInterpreterController//EC, @ObservableCommandInterpreter//EC, @Token, @SingletonsCreator, @ProgressBarCreator//EC]
94,Tue Nov 21 12:47:13 EST 2017,true,mp\display\AnObservableBridgeScenePainter.java,magic.number,AnObservableBridgeScenePainter,1000,EXPR 1000 , EXPR 1000
107,Tue Nov 21 13:04:39 EST 2017,false,AnObservableBridgeScenePainter,magic.number,AnObservableBridgeScenePainter,1000,EXPR 1000 , EXPR 1000
107,Tue Nov 21 13:04:39 EST 2017,false,[main.Assignment9,expectedTypes,[main.Assignment9, @ScannerBean, @Number, @Word, @Quote, @Start, @End, @Plus//EC, @Minus//EC, ScanningIterator//EC, @RotatingLine//EC, @Move, @Pass, @Fail, @Say, @RotateLeftArm//EC, @RotateRightArm//EC, @Repeat//EC, @Define//EC, @Call//EC, @Thread//EC, @Wait//EC, @ProceedAll//EC, @Sleep//EC, @Undo//EC, @Redo//EC, @Angle, @Avatar, @BridgeScene, @Locatable, @BoundedShape, @Table, @CommandInterpreter, @SignedMoveCommandInterpreter//EC, @ErrorResilientCommandInterpreter//EC, @ConsoleSceneView, @InheritingBridgeScenePainter, @ObservableBridgeScenePainter, @DelegatingBridgeSceneView, @PaintListener, @BridgeSceneController, @CommandInterpreterView//EC, @CommandInterpreterController//EC, @ObservableCommandInterpreter//EC, @Token, @SingletonsCreator, @ProgressBarCreator//EC]
107,Tue Nov 21 15:34:23 EST 2017,true,mp\tokens\Say.java,expectedTypes,[main.Assignment9, @ScannerBean, @Number, @Word, @Quote, @Start, @End, @Plus//EC, @Minus//EC, ScanningIterator//EC, @RotatingLine//EC, @Move, @Pass, @Fail, @Say, @RotateLeftArm//EC, @RotateRightArm//EC, @Repeat//EC, @Define//EC, @Call//EC, @Thread//EC, @Wait//EC, @ProceedAll//EC, @Sleep//EC, @Undo//EC, @Redo//EC, @Angle, @Avatar, @BridgeScene, @Locatable, @BoundedShape, @Table, @CommandInterpreter, @SignedMoveCommandInterpreter//EC, @ErrorResilientCommandInterpreter//EC, @ConsoleSceneView, @InheritingBridgeScenePainter, @ObservableBridgeScenePainter, @DelegatingBridgeSceneView, @PaintListener, @BridgeSceneController, @CommandInterpreterView//EC, @CommandInterpreterController//EC, @ObservableCommandInterpreter//EC, @Token, @SingletonsCreator, @ProgressBarCreator//EC]
107,Tue Nov 21 16:09:09 EST 2017,true,mp\tokens\Say.java,expectedTypes,[main.Assignment9, @ScannerBean, @Number, @Word, @Quote, @Start, @End, @Plus//EC, @Minus//EC, ScanningIterator//EC, @RotatingLine//EC, @Move, @Pass, @Fail, @Say, @RotateLeftArm//EC, @RotateRightArm//EC, @Repeat//EC, @Define//EC, @Call//EC, @Thread//EC, @Wait//EC, @ProceedAll//EC, @Sleep//EC, @Undo//EC, @Redo//EC, @Angle, @Avatar, @BridgeScene, @Locatable, @BoundedShape, @Table, @CommandInterpreter, @SignedMoveCommandInterpreter//EC, @ErrorResilientCommandInterpreter//EC, @ConsoleSceneView, @InheritingBridgeScenePainter, @ObservableBridgeScenePainter, @DelegatingBridgeSceneView, @PaintListener, @BridgeSceneController, @CommandInterpreterView//EC, @CommandInterpreterController//EC, @ObservableCommandInterpreter//EC, @Token, @SingletonsCreator, @ProgressBarCreator//EC]
107,Tue Nov 21 16:46:13 EST 2017,true,mp\tokens\Say.java,expectedTypes,[main.Assignment9, @ScannerBean, @Number, @Word, @Quote, @Start, @End, @Plus//EC, @Minus//EC, ScanningIterator//EC, @RotatingLine//EC, @Move, @Pass, @Fail, @Say, @RotateLeftArm//EC, @RotateRightArm//EC, @Repeat//EC, @Define//EC, @Call//EC, @Thread//EC, @Wait//EC, @ProceedAll//EC, @Sleep//EC, @Undo//EC, @Redo//EC, @Angle, @Avatar, @BridgeScene, @Locatable, @BoundedShape, @Table, @CommandInterpreter, @SignedMoveCommandInterpreter//EC, @ErrorResilientCommandInterpreter//EC, @ConsoleSceneView, @InheritingBridgeScenePainter, @ObservableBridgeScenePainter, @DelegatingBridgeSceneView, @PaintListener, @BridgeSceneController, @CommandInterpreterView//EC, @CommandInterpreterController//EC, @ObservableCommandInterpreter//EC, @Token, @SingletonsCreator, @ProgressBarCreator//EC]
107,Tue Nov 21 16:46:13 EST 2017,true,main\Assignment9.java,magic.number,Assignment9,1300,EXPR 1300 , EXPR 800
107,Tue Nov 21 16:46:13 EST 2017,true,main\Assignment9.java,magic.number,Assignment9,800,EXPR 1300 , EXPR 800
125,Wed Nov 22 18:57:47 EST 2017,false,Assignment9,magic.number,Assignment9,800,EXPR 1300 , EXPR 800
125,Wed Nov 22 18:57:47 EST 2017,false,Assignment9,magic.number,Assignment9,1300,EXPR 1300 , EXPR 800
125,Wed Nov 22 18:57:47 EST 2017,false,[main.Assignment9,expectedTypes,[main.Assignment9, @ScannerBean, @Number, @Word, @Quote, @Start, @End, @Plus//EC, @Minus//EC, ScanningIterator//EC, @RotatingLine//EC, @Move, @Pass, @Fail, @Say, @RotateLeftArm//EC, @RotateRightArm//EC, @Repeat//EC, @Define//EC, @Call//EC, @Thread//EC, @Wait//EC, @ProceedAll//EC, @Sleep//EC, @Undo//EC, @Redo//EC, @Angle, @Avatar, @BridgeScene, @Locatable, @BoundedShape, @Table, @CommandInterpreter, @SignedMoveCommandInterpreter//EC, @ErrorResilientCommandInterpreter//EC, @ConsoleSceneView, @InheritingBridgeScenePainter, @ObservableBridgeScenePainter, @DelegatingBridgeSceneView, @PaintListener, @BridgeSceneController, @CommandInterpreterView//EC, @CommandInterpreterController//EC, @ObservableCommandInterpreter//EC, @Token, @SingletonsCreator, @ProgressBarCreator//EC]
125,Wed Nov 22 18:57:47 EST 2017,false,ACommandInterpreterView,magic.number,ACommandInterpreterView,3,EXPR 3 , EXPR 1
125,Wed Nov 22 18:57:47 EST 2017,true,mp\tokens\Say.java,expectedTypes,[main.Assignment9, @ScannerBean, @Number, @Word, @Quote, @Start, @End, @Plus//EC, @Minus//EC, ScanningIterator//EC, @RotatingLine//EC, @Move, @Pass, @Fail, @Say, @RotateLeftArm//EC, @RotateRightArm//EC, @Repeat//EC, @Define//EC, @Call//EC, @Thread//EC, @Wait//EC, @ProceedAll//EC, @Sleep//EC, @Undo//EC, @Redo//EC, @Angle, @Avatar, @BridgeScene, @Locatable, @BoundedShape, @Table, @CommandInterpreter, @SignedMoveCommandInterpreter//EC, @ErrorResilientCommandInterpreter//EC, @ConsoleSceneView, @InheritingBridgeScenePainter, @ObservableBridgeScenePainter, @DelegatingBridgeSceneView, @PaintListener, @BridgeSceneController, @CommandInterpreterView//EC, @CommandInterpreterController//EC, @ObservableCommandInterpreter//EC, @Token, @SingletonsCreator, @ProgressBarCreator//EC]
125,Wed Nov 22 18:57:47 EST 2017,true,mp\display\ALine.java,missingActualProperty,ALine,PropertyChangeListeners
125,Wed Nov 22 18:57:48 EST 2017,true,main\Assignment9.java,typeDefined,Assignment9,@ProgressBarCreator//EC,Class
125,Wed Nov 22 18:57:48 EST 2017,true,main\Assignment9.java,expectedClassInstantiations,Assignment9,main.Assignment9,JSlider
125,Wed Nov 22 18:57:48 EST 2017,true,main\Assignment9.java,expectedGetters,Assignment9,Slider,JSlider
125,Wed Nov 22 19:46:23 EST 2017,true,mp\tokens\Say.java,expectedTypes,[main.Assignment9, @ScannerBean, @Number, @Word, @Quote, @Start, @End, @Plus//EC, @Minus//EC, ScanningIterator//EC, @RotatingLine//EC, @Move, @Pass, @Fail, @Say, @RotateLeftArm//EC, @RotateRightArm//EC, @Repeat//EC, @Define//EC, @Call//EC, @Thread//EC, @Wait//EC, @ProceedAll//EC, @Sleep//EC, @Undo//EC, @Redo//EC, @Angle, @Avatar, @BridgeScene, @Locatable, @BoundedShape, @Table, @CommandInterpreter, @SignedMoveCommandInterpreter//EC, @ErrorResilientCommandInterpreter//EC, @ConsoleSceneView, @InheritingBridgeScenePainter, @ObservableBridgeScenePainter, @DelegatingBridgeSceneView, @PaintListener, @BridgeSceneController, @CommandInterpreterView//EC, @CommandInterpreterController//EC, @ObservableCommandInterpreter//EC, @Token, @SingletonsCreator, @ProgressBarCreator//EC]
125,Wed Nov 22 19:46:23 EST 2017,true,main\Assignment9.java,magic.number,Assignment9,3,3
